{
  "round": 12,
  "seed_offset": 1067,
  "retain_ratio": 0.8500000000000001,
  "avg_ret_pct": 1441.3166666666666,
  "avg_dd_pct": 22.290000000000003,
  "indicator": 64.66203080604156,
  "improved": false,
  "metrics_by_threshold": {
    "0.5": {
      "final": 153174.22,
      "ret_pct": 1431.74,
      "dd_pct": 17.35,
      "fee": 1961.67,
      "trades": 70,
      "cfg": "mlp_h56_e320_gt1/a5/loss_rebound_t3/k2/gap[-0.02,0.04]/board<=2/risk=balanced/alloc=1.00"
    },
    "0.75": {
      "final": 145707.86,
      "ret_pct": 1357.08,
      "dd_pct": 17.35,
      "fee": 1818.04,
      "trades": 66,
      "cfg": "mlp_h56_e320_gt1/a2/loss_rebound_t3/k2/gap[-0.02,0.04]/board<=2/risk=balanced/alloc=1.00"
    },
    "0.99": {
      "final": 163512.9,
      "ret_pct": 1535.13,
      "dd_pct": 32.17,
      "fee": 2680.12,
      "trades": 70,
      "cfg": "mlp_h96_e460_gt15/a2/loss_rebound_t3/k2/gap[None,None]/board<=None/risk=off/alloc=1.00"
    }
  }
}