{
  "iteration": 1,
  "created_at": "2026-02-27 12:19:58",
  "candidate_n": 2,
  "ok_n": 2,
  "records": [
    {
      "iteration": 1,
      "candidate_index": 1,
      "spec": {
        "name": "i0001c01",
        "hidden": 48,
        "epochs": 236,
        "lr": 0.03373440934172125,
        "weight_decay": 6.784631488596425e-05,
        "target_gt": 0.01608904060262371,
        "seed": 665
      },
      "status": "ok",
      "ret_pct": -1.1099999999999999,
      "max_dd_pct": 1.11,
      "final_capital": 9889.0,
      "history_rows": 2,
      "best_cfg_text": "i0001c01/a10/strong_hold_t3/k1/gap[None,0.02]/board<=3/risk=off/alloc=0.05",
      "best_seed_offset": 0,
      "report_dir": "reports/smart_infinite_smoke/iterations/iter_00001/candidate_01_i0001c01",
      "aggressive_score": -1.1099999999999999,
      "balanced_score": -2.553,
      "compromise_score": -1.75935
    },
    {
      "iteration": 1,
      "candidate_index": 2,
      "spec": {
        "name": "i0001c02",
        "hidden": 48,
        "epochs": 318,
        "lr": 0.029199817710621963,
        "weight_decay": 0.0001001366775276321,
        "target_gt": -0.0069404231351688755,
        "seed": 1
      },
      "status": "ok",
      "ret_pct": 0.6199999999999983,
      "max_dd_pct": 1.0365251727541955,
      "final_capital": 10062.0,
      "history_rows": 2,
      "best_cfg_text": "i0001c02/a10/strong_hold_t3/k1/gap[None,0.02]/board<=3/risk=off/alloc=0.05",
      "best_seed_offset": 97,
      "report_dir": "reports/smart_infinite_smoke/iterations/iter_00001/candidate_02_i0001c02",
      "aggressive_score": 0.6199999999999983,
      "balanced_score": -0.7274827245804558,
      "compromise_score": 0.013632773938793974
    }
  ],
  "best_aggressive": {
    "iteration": 1,
    "candidate_index": 2,
    "spec": {
      "name": "i0001c02",
      "hidden": 48,
      "epochs": 318,
      "lr": 0.029199817710621963,
      "weight_decay": 0.0001001366775276321,
      "target_gt": -0.0069404231351688755,
      "seed": 1
    },
    "status": "ok",
    "ret_pct": 0.6199999999999983,
    "max_dd_pct": 1.0365251727541955,
    "final_capital": 10062.0,
    "history_rows": 2,
    "best_cfg_text": "i0001c02/a10/strong_hold_t3/k1/gap[None,0.02]/board<=3/risk=off/alloc=0.05",
    "best_seed_offset": 97,
    "report_dir": "reports/smart_infinite_smoke/iterations/iter_00001/candidate_02_i0001c02",
    "aggressive_score": 0.6199999999999983,
    "balanced_score": -0.7274827245804558,
    "compromise_score": 0.013632773938793974
  },
  "best_balanced": {
    "iteration": 1,
    "candidate_index": 2,
    "spec": {
      "name": "i0001c02",
      "hidden": 48,
      "epochs": 318,
      "lr": 0.029199817710621963,
      "weight_decay": 0.0001001366775276321,
      "target_gt": -0.0069404231351688755,
      "seed": 1
    },
    "status": "ok",
    "ret_pct": 0.6199999999999983,
    "max_dd_pct": 1.0365251727541955,
    "final_capital": 10062.0,
    "history_rows": 2,
    "best_cfg_text": "i0001c02/a10/strong_hold_t3/k1/gap[None,0.02]/board<=3/risk=off/alloc=0.05",
    "best_seed_offset": 97,
    "report_dir": "reports/smart_infinite_smoke/iterations/iter_00001/candidate_02_i0001c02",
    "aggressive_score": 0.6199999999999983,
    "balanced_score": -0.7274827245804558,
    "compromise_score": 0.013632773938793974
  },
  "best_compromise": {
    "iteration": 1,
    "candidate_index": 2,
    "spec": {
      "name": "i0001c02",
      "hidden": 48,
      "epochs": 318,
      "lr": 0.029199817710621963,
      "weight_decay": 0.0001001366775276321,
      "target_gt": -0.0069404231351688755,
      "seed": 1
    },
    "status": "ok",
    "ret_pct": 0.6199999999999983,
    "max_dd_pct": 1.0365251727541955,
    "final_capital": 10062.0,
    "history_rows": 2,
    "best_cfg_text": "i0001c02/a10/strong_hold_t3/k1/gap[None,0.02]/board<=3/risk=off/alloc=0.05",
    "best_seed_offset": 97,
    "report_dir": "reports/smart_infinite_smoke/iterations/iter_00001/candidate_02_i0001c02",
    "aggressive_score": 0.6199999999999983,
    "balanced_score": -0.7274827245804558,
    "compromise_score": 0.013632773938793974
  }
}