{
  "model": "relay_manual",
  "signals": 116,
  "watch_intraday": 48,
  "planned_buys": 18,
  "trades": 18,
  "final_capital": 100543.86480629384,
  "return_pct": 0.5438648062938478,
  "max_dd_pct": 0.6078663878356564,
  "win_rate": 50.0,
  "avg_hold_days": 2.2222222222222223,
  "rule": "relay_hybrid_v1_proxy_daily"
}