{
  "iteration": 1,
  "created_at": "2026-02-27 13:53:28",
  "candidate_n": 10,
  "ok_n": 10,
  "records": [
    {
      "iteration": 1,
      "candidate_index": 1,
      "spec": {
        "name": "i0001c01",
        "hidden": 48,
        "epochs": 236,
        "lr": 0.03373440934172125,
        "weight_decay": 6.784631488596425e-05,
        "target_gt": 0.01608904060262371,
        "seed": 665
      },
      "status": "ok",
      "ret_pct": 17.122885909999997,
      "max_dd_pct": 6.625884279728732,
      "final_capital": 11712.288591,
      "history_rows": 16,
      "best_cfg_text": "i0001c01/a2/strong_hold_t3/k2/gap[-0.005,0.02]/board<=3/risk=off/alloc=0.20",
      "best_seed_offset": 485,
      "report_dir": "reports/smart_infinite_live/iterations/iter_00001/candidate_01_i0001c01",
      "aggressive_score": 17.122885909999997,
      "balanced_score": 8.509236346352646,
      "compromise_score": 13.246743606358688
    },
    {
      "iteration": 1,
      "candidate_index": 2,
      "spec": {
        "name": "i0001c02",
        "hidden": 48,
        "epochs": 318,
        "lr": 0.029199817710621963,
        "weight_decay": 0.0001001366775276321,
        "target_gt": -0.0069404231351688755,
        "seed": 1
      },
      "status": "ok",
      "ret_pct": 26.614726639999997,
      "max_dd_pct": 2.5466026901722416,
      "final_capital": 12661.472664,
      "history_rows": 22,
      "best_cfg_text": "i0001c02/a10/strong_hold_t3/k1/gap[-0.005,0.02]/board<=None/risk=off/alloc=0.20",
      "best_seed_offset": 1067,
      "report_dir": "reports/smart_infinite_live/iterations/iter_00001/candidate_02_i0001c02",
      "aggressive_score": 26.614726639999997,
      "balanced_score": 23.304143142776084,
      "compromise_score": 25.124964066249234
    },
    {
      "iteration": 1,
      "candidate_index": 3,
      "spec": {
        "name": "i0001c03",
        "hidden": 40,
        "epochs": 662,
        "lr": 0.05432722638085727,
        "weight_decay": 0.0001741660665650361,
        "target_gt": -0.009465361864727063,
        "seed": 31495
      },
      "status": "ok",
      "ret_pct": 32.424286410000015,
      "max_dd_pct": 6.829306328387924,
      "final_capital": 13242.428641,
      "history_rows": 13,
      "best_cfg_text": "i0001c03/a10/strong_hold_t3/k1/gap[-0.005,0.02]/board<=None/risk=off/alloc=0.20",
      "best_seed_offset": 194,
      "report_dir": "reports/smart_infinite_live/iterations/iter_00001/candidate_03_i0001c03",
      "aggressive_score": 32.424286410000015,
      "balanced_score": 23.546188183095715,
      "compromise_score": 28.42914220789308
    },
    {
      "iteration": 1,
      "candidate_index": 4,
      "spec": {
        "name": "i0001c04",
        "hidden": 48,
        "epochs": 291,
        "lr": 0.026532264287900134,
        "weight_decay": 0.00011394514143873545,
        "target_gt": 0.0014061506557587744,
        "seed": 688
      },
      "status": "ok",
      "ret_pct": 21.114552350000015,
      "max_dd_pct": 6.412686919812464,
      "final_capital": 12111.455235000001,
      "history_rows": 12,
      "best_cfg_text": "i0001c04/a5/t2_close/k2/gap[None,0.02]/board<=None/risk=strict/alloc=0.20",
      "best_seed_offset": 97,
      "report_dir": "reports/smart_infinite_live/iterations/iter_00001/candidate_04_i0001c04",
      "aggressive_score": 21.114552350000015,
      "balanced_score": 12.77805935424381,
      "compromise_score": 17.363130501909723
    },
    {
      "iteration": 1,
      "candidate_index": 5,
      "spec": {
        "name": "i0001c05",
        "hidden": 80,
        "epochs": 580,
        "lr": 0.019878417226677374,
        "weight_decay": 1.357359605545347e-05,
        "target_gt": -0.0283585099168426,
        "seed": 4290
      },
      "status": "ok",
      "ret_pct": 19.725172460000028,
      "max_dd_pct": 4.789350519290688,
      "final_capital": 11972.517246000003,
      "history_rows": 15,
      "best_cfg_text": "i0001c05/a2/strong_hold_t3/k1/gap[None,0.02]/board<=2/risk=strict/alloc=0.20",
      "best_seed_offset": 388,
      "report_dir": "reports/smart_infinite_live/iterations/iter_00001/candidate_05_i0001c05",
      "aggressive_score": 19.725172460000028,
      "balanced_score": 13.499016784922134,
      "compromise_score": 16.923402406214976
    },
    {
      "iteration": 1,
      "candidate_index": 6,
      "spec": {
        "name": "i0001c06",
        "hidden": 48,
        "epochs": 234,
        "lr": 0.032976189371940315,
        "weight_decay": 0.00012379454358206463,
        "target_gt": -0.003908182911993913,
        "seed": 1
      },
      "status": "ok",
      "ret_pct": 10.968798740000008,
      "max_dd_pct": 5.714355296229801,
      "final_capital": 11096.879874,
      "history_rows": 12,
      "best_cfg_text": "i0001c06/a10/strong_hold_t3/k1/gap[-0.005,0.02]/board<=None/risk=off/alloc=0.20",
      "best_seed_offset": 97,
      "report_dir": "reports/smart_infinite_live/iterations/iter_00001/candidate_06_i0001c06",
      "aggressive_score": 10.968798740000008,
      "balanced_score": 3.5401368549012657,
      "compromise_score": 7.625900891705575
    },
    {
      "iteration": 1,
      "candidate_index": 7,
      "spec": {
        "name": "i0001c07",
        "hidden": 56,
        "epochs": 298,
        "lr": 0.028534953934581126,
        "weight_decay": 9.96425375780201e-05,
        "target_gt": -0.0005197024030268825,
        "seed": 1091
      },
      "status": "ok",
      "ret_pct": 30.021493210000028,
      "max_dd_pct": 5.568977271819458,
      "final_capital": 13002.149321000003,
      "history_rows": 19,
      "best_cfg_text": "i0001c07/a10/t2_close/k3/gap[-0.005,None]/board<=None/risk=strict/alloc=0.18",
      "best_seed_offset": 776,
      "report_dir": "reports/smart_infinite_live/iterations/iter_00001/candidate_07_i0001c07",
      "aggressive_score": 30.021493210000028,
      "balanced_score": 22.78182275663473,
      "compromise_score": 26.763641505985646
    },
    {
      "iteration": 1,
      "candidate_index": 8,
      "spec": {
        "name": "i0001c08",
        "hidden": 56,
        "epochs": 348,
        "lr": 0.03066538728146706,
        "weight_decay": 6.566680793325555e-05,
        "target_gt": 0.00035905825098569446,
        "seed": 1
      },
      "status": "ok",
      "ret_pct": 21.48895423000001,
      "max_dd_pct": 2.937676465913835,
      "final_capital": 12148.895423000002,
      "history_rows": 11,
      "best_cfg_text": "i0001c08/a10/t2_close/k1/gap[-0.01,None]/board<=2/risk=off/alloc=0.18",
      "best_seed_offset": 0,
      "report_dir": "reports/smart_infinite_live/iterations/iter_00001/candidate_08_i0001c08",
      "aggressive_score": 21.48895423000001,
      "balanced_score": 17.669974824312025,
      "compromise_score": 19.770413497440416
    },
    {
      "iteration": 1,
      "candidate_index": 9,
      "spec": {
        "name": "i0001c09",
        "hidden": 72,
        "epochs": 861,
        "lr": 0.016372547264792366,
        "weight_decay": 0.00019038057415497186,
        "target_gt": 0.07660031880622045,
        "seed": 22002
      },
      "status": "ok",
      "ret_pct": 44.94519237000007,
      "max_dd_pct": 4.914024895513982,
      "final_capital": 14494.519237000008,
      "history_rows": 28,
      "best_cfg_text": "i0001c09/a5/profit_lock_t3/k2/gap[-0.005,None]/board<=3/risk=balanced/alloc=0.20",
      "best_seed_offset": 1649,
      "report_dir": "reports/smart_infinite_live/iterations/iter_00001/candidate_09_i0001c09",
      "aggressive_score": 44.94519237000007,
      "balanced_score": 38.5569600058319,
      "compromise_score": 42.07048780612439
    },
    {
      "iteration": 1,
      "candidate_index": 10,
      "spec": {
        "name": "i0001c10",
        "hidden": 128,
        "epochs": 660,
        "lr": 0.047015632494615,
        "weight_decay": 0.000279152776048144,
        "target_gt": -0.012482551463649853,
        "seed": 42311
      },
      "status": "ok",
      "ret_pct": 24.363716170000018,