{
  "round": 6,
  "seed_offset": 485,
  "retain_ratio": 0.8,
  "avg_ret_pct": 998.4066666666666,
  "avg_dd_pct": 30.123333333333335,
  "indicator": 33.14396370476928,
  "improved": false,
  "metrics_by_threshold": {
    "0.5": {
      "final": 85797.56,
      "ret_pct": 757.98,
      "dd_pct": 36.82,
      "fee": 1243.64,
      "trades": 81,
      "cfg": "mlp_h56_e320_gt1/a10/loss_rebound_t3/k2/gap[None,None]/board<=3/risk=off/alloc=0.90"
    },
    "0.75": {
      "final": 82692.7,
      "ret_pct": 726.93,
      "dd_pct": 22.12,
      "fee": 1274.13,
      "trades": 58,
      "cfg": "mlp_h56_e320_gt1/a2/profit_lock_t3/k2/gap[-0.01,0.03]/board<=3/risk=balanced/alloc=1.00"
    },
    "0.99": {
      "final": 161031.02,
      "ret_pct": 1510.31,
      "dd_pct": 31.43,
      "fee": 2575.78,
      "trades": 70,
      "cfg": "mlp_h64_e360_gt2/a2/strong_hold_t3/k1/gap[None,None]/board<=None/risk=off/alloc=1.00"
    }
  }
}