{
  "round": 8,
  "seed_offset": 679,
  "retain_ratio": 0.9,
  "avg_ret_pct": 1120.5033333333333,
  "avg_dd_pct": 29.529999999999998,
  "indicator": 37.94457613726154,
  "improved": false,
  "metrics_by_threshold": {
    "0.5": {
      "final": 102129.85,
      "ret_pct": 921.3,
      "dd_pct": 32.91,
      "fee": 1839.24,
      "trades": 79,
      "cfg": "mlp_h64_e360_gt2/a2/loss_rebound_t3/k2/gap[None,None]/board<=2/risk=off/alloc=1.00"
    },
    "0.75": {
      "final": 105044.06,
      "ret_pct": 950.44,
      "dd_pct": 27.84,
      "fee": 1618.02,
      "trades": 75,
      "cfg": "mlp_h64_e360_gt2/a2/weak_hold_t3/k2/gap[None,None]/board<=2/risk=off/alloc=1.00"
    },
    "0.99": {
      "final": 158976.91,
      "ret_pct": 1489.77,
      "dd_pct": 27.84,
      "fee": 2083.25,
      "trades": 75,
      "cfg": "mlp_h64_e360_gt2/a5/weak_hold_t3/k2/gap[None,None]/board<=2/risk=off/alloc=1.00"
    }
  }
}