{
  "round": 9,
  "seed_offset": 776,
  "retain_ratio": 0.9500000000000001,
  "avg_ret_pct": 1636.05,
  "avg_dd_pct": 34.443333333333335,
  "indicator": 47.49975805671151,
  "improved": false,
  "metrics_by_threshold": {
    "0.5": {
      "final": 178908.15,
      "ret_pct": 1689.08,
      "dd_pct": 36.28,
      "fee": 2089.63,
      "trades": 84,
      "cfg": "mlp_h56_e320_gt1/a5/t2_close/k2/gap[None,None]/board<=3/risk=off/alloc=1.00"
    },
    "0.75": {
      "final": 164045.5,
      "ret_pct": 1540.45,
      "dd_pct": 30.79,
      "fee": 2509.82,
      "trades": 72,
      "cfg": "mlp_h56_e320_gt1/a10/strong_hold_t3/k1/gap[None,None]/board<=None/risk=balanced/alloc=1.00"
    },
    "0.99": {
      "final": 177861.7,
      "ret_pct": 1678.62,
      "dd_pct": 36.26,
      "fee": 3144.49,
      "trades": 90,
      "cfg": "mlp_h40_e280_gt5/a10/t2_close/k3/gap[None,None]/board<=3/risk=off/alloc=1.00"
    }
  }
}