{
  "round": 9,
  "seed_offset": 776,
  "retain_ratio": 0.9500000000000001,
  "avg_ret_pct": 1574.7666666666667,
  "avg_dd_pct": 32.62,
  "indicator": 48.276108726752504,
  "improved": false,
  "metrics_by_threshold": {
    "0.5": {
      "final": 178908.15,
      "ret_pct": 1689.08,
      "dd_pct": 36.28,
      "fee": 2089.63,
      "trades": 84,
      "cfg": "mlp_h56_e320_gt1/a5/t2_close/k2/gap[None,None]/board<=3/risk=off/alloc=1.00"
    },
    "0.75": {
      "final": 164045.5,
      "ret_pct": 1540.45,
      "dd_pct": 30.79,
      "fee": 2509.82,
      "trades": 72,
      "cfg": "mlp_h56_e320_gt1/a10/strong_hold_t3/k1/gap[None,None]/board<=None/risk=balanced/alloc=1.00"
    },
    "0.99": {
      "final": 159477.07,
      "ret_pct": 1494.77,
      "dd_pct": 30.79,
      "fee": 2422.25,
      "trades": 71,
      "cfg": "mlp_h56_e320_gt1/a10/strong_hold_t3/k1/gap[None,None]/board<=None/risk=balanced/alloc=1.00"
    }
  }
}